"Name","Total","Number_Not_Overlapping_withChIP","PercentageOverlapping"
"ER_Reject",11231,9033,19.5708307363547
"ER_Accept",5150,4830,6.21359223300971
"HyPB_Reject",20919,17260,17.4912758736077
"HyPB_Accept",1454,1200,17.4690508940853
